"name","surname","province","birth_date","birth_place","email","doc_type","doc_id","country"
"Franco","Baio","RM","1970-02-03","Roma","baio.franco@gmail.com","Identity card","987654321","Italia"
"Giulia","Rossi","MI","1985-07-15","Milano","giulia.rossi@example.com","Passport","123456789","Italia"
"Marco","Bianchi","FI","1990-11-20","Firenze","marco.bianchi@example.com","Driver's license","456789123","Italia"
"Elena","Ferrari","RM","1982-04-10","Roma","elena.ferrari@example.com","Passport","789123456","Italia"
"Luca","Rizzo","NA","1975-09-25","Napoli","luca.rizzo@example.com","Identity card","987654321","Italia"
"Sara","Conti","BO","1988-12-05","Bologna","sara.conti@example.com","Driver's license","123456789","Italia"
"Alessandro","Moretti","TO","1979-03-18","Torino","alessandro.moretti@example.com","Passport","456789123","Italia"
"Giorgio","Galli","GE","1983-08-30","Genova","giorgio.galli@example.com","Identity card","789123456","Italia"
"Laura","Mancini","PA","1977-01-12","Palermo","laura.mancini@example.com","Driver's license","987654321","Italia"
"Roberto","Rinaldi","BA","1980-06-08","Bari","roberto.rinaldi@example.com","Passport","123456789","Italia"
"Federica","Martini","CT","1995-09-20","Catania","federica.martini@example.com","Identity card","456789123","Italia"
"Giovanni","Gatti","VR","1987-02-14","Verona","giovanni.gatti@example.com","Driver's license","789123456","Italia"
"Elisa","De Angelis","TS","1984-05-30","Trieste","elisa.deangelis@example.com","Passport","987654321","Italia"
"Antonio","Barbieri","PD","1973-10-17","Padova","antonio.barbieri@example.com","Identity card","123456789","Italia"
"Valentina","Fabbri","VE","1992-11-25","Venezia","valentina.fabbri@example.com","Driver's license","456789123","Italia"
"Giorgio","Rossi","RM","1985-06-12","Rome","giorgio.rossi@example.com","Passport","789123456","Italy"
"Emma","Smith","NY","1990-03-18","New York","emma.smith@example.com","Social Security","321654987","USA"
"Hiroshi","Tanaka","","1988-09-30","Tokyo","hiroshi.tanaka@example.com","Resident card","654987321","Japan"
"Sophie","Dupont","","1995-02-04","Paris","sophie.dupont@example.com","ID card","987654321","France"
"Javier","Garcia","","1982-12-08","Madrid","javier.garcia@example.com","Driver's license","159263478","Spain"
"Liu","Wei","","1987-05-22","Beijing","liu.wei@example.com","ID card","753951468","China"
"Maria","Gonzalez","","1998-08-14","Mexico City","maria.gonzalez@example.com","Passport","369852147","Mexico"
"Alexei","Ivanov","","1980-04-03","Moscow","alexei.ivanov@example.com","Passport","852147963","Russia"
"Fatima","Ali","","1993-07-19","Dubai","fatima.ali@example.com","Emirates ID","123456789","UAE"
"Lucas","Silva","","1989-11-30","S達o Paulo","lucas.silva@example.com","CPF","456123789","Brazil"
"Yuki","Sato","","1997-01-10","Osaka","yuki.sato@example.com","Resident card","963852741","Japan"
"Alessia","Ricci","MI","1983-03-27","Milano","alessia.ricci@example.com","ID card","258963147","Italia"
"Rahul","Patel","","1991-06-05","Mumbai","rahul.patel@example.com","Aadhaar card","741258963","India"
"Anna","M端ller","","1987-09-20","Berlin","anna.mueller@example.com","ID card","369147258","Germany"
"John","Doe","NY","1985-05-10","New York","john.doe@example.com","Passport","ABC123456","USA"
"Maria","Garcia","","1990-12-03","Madrid","maria.garcia@example.com","DNI","987654321","Spain"
"Ahmed","Khan","Sindh","1988-09-25","Karachi","ahmed.khan@example.com","CNIC","XYZ098765","Pakistan"
"Emma","Smith","","1995-03-15","London","emma.smith@example.com","Passport","DEF987654","UK"
"Chen","Wei","","1987-08-21","Shanghai","chen.wei@example.com","Passport","GHI654321","China"
"Sophia","Gonzalez","","1992-11-30","Mexico City","sophia.gonzalez@example.com","Passport","JKL321098","Mexico"
"Andrei","Ivanov","","1983-04-17","Moscow","andrei.ivanov@example.com","Passport","MNO109876","Russia"
"Hiroshi","Tanaka","","1991-06-28","Tokyo","hiroshi.tanaka@example.com","Passport","PQR789012","Japan"
"Lara","Silva","","1986-02-08","Rio de Janeiro","lara.silva@example.com","Passport","STU456789","Brazil"
"Mohamed","Abdelrahman","","1994-10-12","Cairo","mohamed.abdelrahman@example.com","National ID","VWX123456","Egypt"
"Alicia","Lopez","","1989-01-22","Buenos Aires","alicia.lopez@example.com","DNI","YZA789012","Argentina"
"Anna","M端ller","","1984-08-03","Berlin","anna.muller@example.com","Passport","BCD234567","Germany"
"Seo-joon","Park","","1996-09-14","Seoul","seojoon.park@example.com","Passport","EFG901234","South Korea"
"Isabella","Ramos","","1997-12-05","S達o Paulo","isabella.ramos@example.com","Passport","HIJ345678","Brazil"